key,value,type
Annotations.WelcomeMessage,"{align:center}VxRail E560F Appliance{/align}



PSNT:         DE500204500325
Service Tag:  {serial-number}
Physical Mem: {memory}

IP Address:   {ip}
Hostname:     {hostname}

{esxproduct}:  {esxversion}

                                                                                                                            
{bgcolor:yellow}{color:black}
                                                                                                                            
                                                                                                                            
                                                                                                                            
                                                                                                                            
                                                                                                                            
                                                                                                                            
                                                                                                                            
                                                                                                                            
                                                                                                                            
{/color}{/bgcolor:yellow}

{bgcolor:light-grey}{color:black}

Installation Status: VxRAIL Appliance Installation Successfully Completed.

{/bgcolor}{/color}

License:           {license}
Support Period:    {supportperiod}
Support Start:     {supportstart}








<F2> To Configure System                                                                             <F12> To Reboot System",str
CBRC.DCacheMemReserved,400,long
CBRC.Enable,False,bool
COW.COWMaxHeapSizeMB,192,long
COW.COWMaxREPageCacheszMB,256,long
COW.COWMinREPageCacheszMB,0,long
COW.COWREPageCacheEviction,1,long
Config.Defaults.host.TAAworkaround,True,bool
Config.Defaults.monitor.if_pschange_mc_workaround,False,bool
Config.Defaults.security.host.ruissl,True,bool
Config.Defaults.vGPU.consolidation,False,bool
Config.Etc.issue,,str
Config.Etc.motd,"The time and date of this login have been sent to the system logs.

WARNING:
   All commands run on the ESXi shell are logged and may be included in
   support bundles. Do not provide passwords directly on the command line.
   Most tools can prompt for secrets or accept them from standard input.

VMware offers powerful and supported automation tools. Please
see https://developer.vmware.com for details.

The ESXi Shell can be disabled by an administrative user. See the
vSphere Security documentation for more information.
",str
Config.GlobalSettings.guest.commands.sharedPolicyRefCount,0,int
Config.HostAgent.distributedTracing,none,str
Config.HostAgent.level[Hbrsvc].logLevel,,str
Config.HostAgent.level[Hostsvc].logLevel,,str
Config.HostAgent.level[Proxysvc].logLevel,,str
Config.HostAgent.level[Snmpsvc].logLevel,,str
Config.HostAgent.level[Statssvc].logLevel,,str
Config.HostAgent.level[Vcsvc].logLevel,,str
Config.HostAgent.level[Vimsvc].logLevel,,str
Config.HostAgent.level[Vmsvc].logLevel,verbose,str
Config.HostAgent.log.level,info,str
Config.HostAgent.plugins.hostsvc.esxAdminsGroup,ESX Admins,str
Config.HostAgent.plugins.hostsvc.esxAdminsGroupAutoAdd,False,bool
Config.HostAgent.plugins.solo.disableRemoteEsxcli,False,bool
Config.HostAgent.plugins.solo.enableMob,False,bool
Config.HostAgent.plugins.solo.webServer.enableWebscriptLauncher,True,bool
Config.HostAgent.plugins.vimsvc.authValidateInterval,90,int
Config.HostAgent.plugins.vimsvc.disableHostProfileApi,False,bool
Config.HostAgent.plugins.vimsvc.enableUtf8Filter,False,bool
Config.HostAgent.plugins.vimsvc.httpNfcLeaseTimeout,300,int
Config.HostAgent.plugins.vimsvc.userSearch.maxResults,100,int
Config.HostAgent.plugins.vimsvc.userSearch.maxTimeSeconds,20,int
Config.HostAgent.plugins.vmsvc.blockDiskRemoveIfSnapshot,False,bool
Config.HostAgent.plugins.vmsvc.blockSnapshotRemoveIfDiskShared,False,bool
Config.HostAgent.plugins.vmsvc.enforceMaxRegisteredVms,True,bool
Config.HostAgent.plugins.vmsvc.filterExtraConfigHotEdit,False,bool
Config.HostAgent.plugins.vmsvc.guestWatchdogTimeout,900,long
Config.HostAgent.plugins.vmsvc.productLockerWatchInterval,300,int
Config.HostAgent.plugins.vmsvc.vsanVmRefreshRetryInterval,1800,long
Config.HostAgent.ssl.keyStore.allowAny,False,bool
Config.HostAgent.ssl.keyStore.allowSelfSigned,False,bool
Config.HostAgent.ssl.keyStore.discardLeaf,True,bool
Config.HostAgent.ssl.minPrivateKeyLength,RSA-2048,str
Config.HostAgent.ticketing.thumbprintTypes,sha1,str
Config.HostAgent.vmacore.soap.maxSessionCount,500,int
Config.HostAgent.vmacore.soap.sessionTimeout,30,int
Cpu.AllowWideVsmp,0,long
Cpu.BoundLagQuanta,8,long
Cpu.CommRateThreshold,500,long
Cpu.CoschedCostartThreshold,2000,long
Cpu.CoschedCostopThreshold,3000,long
Cpu.CoschedCrossCall,1,long
Cpu.CoschedHandoffLLC,1,long
Cpu.CoschedHandoffSkip,10,long
Cpu.CoschedPollUsec,1000,long
Cpu.CreditAgePeriod,3000,long
Cpu.FairnessRebalancePcpus,4,long
Cpu.HTRebalancePeriod,5,long
Cpu.HTStolenAgeThreshold,8,long
Cpu.HTWholeCoreThreshold,800,long
Cpu.HostRebalancePeriod,2000,long
Cpu.L2RebalancePeriod,10,long
Cpu.L3RebalancePeriod,20,long
Cpu.LimitEnforcementThreshold,200,long
Cpu.MaxSampleRateLg,7,long
Cpu.NonTimerWakeupRate,500,long
Cpu.PackageRebalancePeriod,2000,long
Cpu.PcpuMigrateIdlePcpus,4,long
Cpu.Quantum,200,long
Cpu.UseMwait,2,long
Cpu.VMAdmitCheckPerVcpuMin,1,long
Cpu.WakeupMigrateIdlePcpus,4,long
DCUI.Access,root,str
DataMover.HardwareAcceleratedInit,1,long
DataMover.HardwareAcceleratedMove,1,long
DataMover.MaxHeapSize,64,long
Digest.AlgoType,1,long
Digest.BlockSize,1,long
Digest.CollisionEnabled,0,long
DirentryCache.MaxDentryPerObj,15000,long
Disk.AllowUsbClaimedAsSSD,0,long
Disk.ApdTokenRetryCount,25,long
Disk.AutoremoveOnPDL,1,long
Disk.BandwidthCap,4294967294,long
Disk.DelayOnBusy,400,long
Disk.DeviceEnableIOLatencyMsgs,0,long
Disk.DeviceReclaimTime,300,long
Disk.Disable4knSSD,1,long
Disk.DiskDelayPDLHelper,10,long
Disk.DiskMaxIOSize,32767,long
Disk.DiskReservationThreshold,45,long
Disk.DiskRetryPeriod,2000,long
Disk.DumpMaxRetries,10,long
Disk.DumpPollDelay,1000,long
Disk.DumpPollMaxRetries,10000,long
Disk.EnableNaviReg,1,long
Disk.FailDiskRegistration,1,long
Disk.FastPathRestoreInterval,100,long
Disk.IdleCredit,32,long
Disk.MaxLUN,1024,long
Disk.MaxNumIOIntervals,1024,long
Disk.MaxResetLatency,2000,long
Disk.NmpMaxCmdExtension,0,long
Disk.PVSCSIEnablePreemption,1,long
Disk.PathEvalTime,300,long
Disk.PreventVMFSOverwrite,1,long
Disk.QFullSampleSize,0,long
Disk.QFullThreshold,8,long
Disk.ReqCallThreshold,8,long
Disk.ResetLatency,1000,long
Disk.ResetMaxRetries,0,long
Disk.ResetOverdueLogPeriod,60,long
Disk.ResetPeriod,30,long
Disk.ResetThreadExpires,1800,long
Disk.ResetThreadMax,16,long
Disk.ResetThreadMin,1,long
Disk.RetryUnitAttention,1,long
Disk.ReturnCCForNoSpace,0,long
Disk.SchedCostUnit,32768,long
Disk.SchedQCleanupInterval,300,long
Disk.SchedQControlSeqReqs,128,long
Disk.SchedQControlVMSwitches,6,long
Disk.SchedQPriorityPercentage,80,long
Disk.SchedQuantum,8,long
Disk.SchedReservationBurst,1,long
Disk.SchedulerWithReservation,1,long
Disk.SectorMaxDiff,2000,long
Disk.SharesHigh,2000,long
Disk.SharesLow,500,long
Disk.SharesNormal,1000,long
Disk.SkipResetNoCIF,1,long
Disk.SllThrottleTime,800,long
Disk.SupportSparseLUN,1,long
Disk.ThroughputCap,4294967294,long
Disk.UseDeviceReset,1,long
Disk.UseIoPool,0,long
Disk.UseLunReset,1,long
Disk.UseReportLUN,1,long
Disk.VSCSICoalesceCount,1000,long
Disk.VSCSIDisableNvmeRetry,1,long
Disk.VSCSIHaltPollInterval,5,long
Disk.VSCSIMaxTransLen,0,long
Disk.VSCSIOptimalTransLen,0,long
Disk.VSCSIPollPeriod,1000,long
Disk.VSCSIResvCmdRetryInSecs,1,long
Disk.VSCSIWriteSameBurstSize,4,long
FSS.FSSLightWeightProbe,1,long
FT.BindToVmknic,0,long
FT.FTCptConcurrentSend,1,long
FT.FTCptDelayCheckpoint,2,long
FT.FTCptDiffCap,100,long
FT.FTCptDiffThreads,6,long
FT.FTCptDisableFailover,0,long
FT.FTCptDiskWriteTimeout,3000,long
FT.FTCptDontDelayPkts,0,long
FT.FTCptDontSendPages,0,long
FT.FTCptEpochList,"5,10,20,100",str
FT.FTCptEpochSample,1000,long
FT.FTCptEpochWait,8000,long
FT.FTCptIORetryExtraInterval,200,long
FT.FTCptIORetryInterval,10,long
FT.FTCptIORetryTimes,15,long
FT.FTCptLogTimeout,8000,long
FT.FTCptMaxPktsDelay,0,long
FT.FTCptMinInterval,4,long
FT.FTCptNetDelayNoCpt,0,long
FT.FTCptNumConnections,2,long
FT.FTCptNumaIndex,0,long
FT.FTCptPagePolicy,65538,long
FT.FTCptPoweroff,0,long
FT.FTCptRcvBufSize,562140,long
FT.FTCptSndBufSize,562140,long
FT.FTCptStartTimeout,90000,long
FT.FTCptStatsInterval,30,long
FT.FTCptThreadPolicy,65536,long
FT.FTCptVcpuMinUsage,40,long
FT.FTCptWaitOnSocket,1,long
FT.Vmknic,,str
HBR.ChecksumIoSize,8,long
HBR.ChecksumMaxIo,8,long
HBR.ChecksumPerSlice,2,long
HBR.ChecksumRegionSize,256,long
HBR.ChecksumUseAllocInfo,1,long
HBR.ChecksumUseChecksumInfo,1,long
HBR.ChecksumZoneSize,32768,long
HBR.CopySnapDiskMaxExtentCount,16,long
HBR.CopySnapFidHashBuckets,256,long
HBR.DemandlogCompletedHashBuckets,16384,long
HBR.DemandlogExtentHashBuckets,16384,long
HBR.DemandlogIoTimeoutSecs,120,long
HBR.DemandlogReadRetries,20,long
HBR.DemandlogRetryDelayMs,10,long
HBR.DemandlogTransferIoSize,8,long
HBR.DemandlogTransferMaxCompletion,0,long
HBR.DemandlogTransferMaxIo,32,long
HBR.DemandlogTransferMaxNetwork,256,long
HBR.DemandlogTransferPerSlice,16,long
HBR.DemandlogWriteRetries,20,long
HBR.DisconnectedEventDelayMs,60000,long
HBR.ErrThrottleChecksumIO,1,long
HBR.ErrThrottleDceRead,1,long
HBR.HbrBitmapAllocTimeoutMS,3000,long
HBR.HbrBitmapVMMaxStorageGB,65536,long
HBR.HbrDemandLogIOPerVM,64,long
HBR.HbrLowerExtentBreakGB,8192,long
HBR.HbrLowerExtentSizeKB,16,long
HBR.HbrMaxExtentSizeKB,64,long
HBR.HbrMaxGuestXferWhileDeltaMB,1024,long
HBR.HbrMaxUnmapExtents,10,long
HBR.HbrMaxUnmapsInFlight,128,long
HBR.HbrMaxUpdateSizeKB,128,long
HBR.HbrMinExtentBreakGB,2048,long
HBR.HbrMinExtentSizeKB,8,long
HBR.HbrOptimizeFullSync,1,long
HBR.HbrResourceHeapPerVMSizeKB,128,long
HBR.HbrResourceHeapSizeMB,3,long
HBR.HbrResourceHeapUtilization,95,long
HBR.HbrResourceMaxCompletionContexts,8192,long
HBR.HbrResourceMaxDiskContexts,64,long
HBR.HbrRuntimeHeapMaxBaseMB,1,long
HBR.HbrRuntimeHeapMinBaseMB,1,long
HBR.HbrStaticHeapMaxBaseMB,726,long
HBR.HbrStaticHeapMinBaseMB,1,long
HBR.HbrThrottleGenericErrResetTime,16384,long
HBR.HbrUpperExtentBreakGB,32768,long
HBR.HbrUpperExtentSizeKB,32,long
HBR.HelperQueueMaxRequests,8192,long
HBR.HelperQueueMaxWorlds,8,long
HBR.LocalReadIoTimeoutSecs,120,long
HBR.MigrateFlushTimerSecs,3,long
HBR.NetworkUseCubic,1,long
HBR.NetworkerRecvHashBuckets,64,long
HBR.OpportunisticBlockListSize,4000,long
HBR.ProgressReportIntervalMs,5000,long
HBR.PsfIoTimeoutSecs,300,long
HBR.ReconnectFailureDelaySecs,10,long
HBR.ReconnectMaxDelaySecs,90,long
HBR.ResourceServerHashBuckets,8,long
HBR.RetryMaxDelaySecs,5,long
HBR.RetryMinDelaySecs,1,long
HBR.SyncTransferRetrySleepSecs,5,long
HBR.TransferDiskMaxCompletion,0,long
HBR.TransferDiskMaxIo,32,long
HBR.TransferDiskMaxNetwork,2048,long
HBR.TransferDiskPerSlice,16,long
HBR.TransferFileExtentSize,8192,long
HBR.TransferMaxContExtents,16,long
HBR.UnmapOptimization,0,long
HBR.WireChecksum,1,long
HBR.XferBitmapCheckIntervalSecs,1,long
Hpp.HppPReservationCmdRetryTime,1,long
ISCSI.CloseIscsiConnOnTaskMgmtFailure,1,long
ISCSI.MaxIoSizeKB,128,long
ISCSI.SocketRcvBufLenKB,256,long
ISCSI.SocketSndBufLenKB,600,long
Irq.BestVcpuRouting,0,long
Irq.IRQActionAffinityWeight,5,long
Irq.IRQAvoidExclusive,1,long
Irq.IRQBHConflictWeight,5,long
Irq.IRQRebalancePeriod,50,long
Irq.IRQVcpuConflictWeight,3,long
LPage.LPageAlwaysTryForNPT,1,long
LPage.LPageDefragEnable,1,long
LPage.LPageMarkLowNodes,1,long
LPage.MaxSharedPages,510,long
LPage.MaxSwappedPagesInitVal,10,long
LPage.freePagesThresholdForRemote,2048,long
LSOM.blkAttrCacheSizePercent,0,long
LSOM.enableLargeWb,0,long
LSOM.lsomDeviceNeedsRepairCount,3,long
LSOM.lsomEnableFullRebuildAvoidance,1,long
LSOM.lsomEnableRebuildOnLSE,2,long
LSOM.lsomEnhancedLatencyHandlingSupport,0,long
LSOM.lsomPlogEnableDeadmanTimer,2,long
LSOM.lsomRebuildOnEvacFailure,0,long
LSOM.lsomSlowTier1DeviceUnmount,0,long
LoadESX.generateLiveDump,0,long
Mem.AllocGuestLargePage,1,long
Mem.CtlMaxPercent,65,long
Mem.IdleTax,75,long
Mem.IdleTaxType,1,long
Mem.MemCBTBitmapMaxAlloc,1024,long
Mem.MemDefragClientsPerDir,2,long
Mem.MemEagerZero,0,long
Mem.MemMaxResvThreshold,16384,long
Mem.MemMinFreePct,0,long
Mem.MemZipEnable,1,long
Mem.MemZipMaxAllocPct,50,long
Mem.MemZipMaxPct,10,long
Mem.SampleActivePctMin,1,long
Mem.SampleDirtiedPctMin,0,long
Mem.ShareCOSBufSize,5,long
Mem.ShareForceSalting,2,long
Mem.ShareRateMax,1024,long
Mem.ShareScanGHz,4,long
Mem.ShareScanTime,60,long
Mem.TierNvmePct,25,long
Mem.VMOverheadGrowthLimit,0,long
Migrate.BindToVmknic,3,long
Migrate.CptCacheMaxSizeMB,544,long
Migrate.DebugChecksumMismatch,0,long
Migrate.DetectZeroPages,1,long
Migrate.Enabled,1,long
Migrate.GetPageSysAlertThresholdMS,10000,long
Migrate.LowBandwidthSysAlertThreshold,0,long
Migrate.LowMemWaitSysAlertThresholdMS,10000,long
Migrate.MigrateBitmapEncodingType,2,long
Migrate.MigrateCpuMinPctDefault,30,long
Migrate.MigrateCpuPctPerGb,10,long
Migrate.MigrateCpuSharesHighPriority,60000,long
Migrate.MigrateCpuSharesRegular,30000,long
Migrate.MigrateStreamHelperBwUtilMax,15000,long
Migrate.MonActionWaitSysAlertThresholdMS,2000,long
Migrate.NetExpectedLineRateMBps,133,long
Migrate.NetLatencyModeThreshold,4,long
Migrate.NetTimeout,20,long
Migrate.NfcNetTimeout,60,long
Migrate.OutstandingReadKBMax,128,long
Migrate.PanicOnChecksumMismatch,0,long
Migrate.PreCopyCountDelay,10,long
Migrate.PreCopyMinProgressPerc,130,long
Migrate.PreCopyPagesPerSend,32,long
Migrate.PreCopySwitchoverTimeGoal,500,long
Migrate.PreallocLPages,1,long
Migrate.ProhibitInstantClone,0,long
Migrate.RcvBufSize,562540,long
Migrate.SdpsDynamicDelaySec,30,long
Migrate.SdpsEnabled,2,long
Migrate.SdpsTargetRate,500,long
Migrate.SndBufSize,562540,long
Migrate.TcpTsoDeferTx,0,long
Migrate.TryToUseDefaultHeap,1,long
Migrate.VASpaceReserveCount,64,long
Migrate.VASpaceReserveSize,4096,long
Migrate.VMotionLatencySensitivity,1,long
Migrate.VMotionMaxStreamHelpers,112,long
Migrate.VMotionResolveSwapType,1,long
Migrate.VMotionStreamHelpers,0,long
Migrate.Vmknic,vmk4,str
Misc.APDHandlingEnable,1,long
Misc.APDTimeout,140,long
Misc.BHTimeout,0,long
Misc.BlueScreenTimeout,0,long
Misc.ConsolePort,none,str
Misc.DebugLogToSerial,0,long
Misc.DebugShellPort,none,str
Misc.DefaultHardwareVersion,,str
Misc.DegradedPathEvalTime,5,long
Misc.DegradedPathReEvalInterval,60,long
Misc.DumpAllKlmData,0,long
Misc.EnableNVMeCopyCmd,1,long
Misc.EnablePSPLatencyPolicy,1,long
Misc.GDBPort,none,str
Misc.GuestLibAllowHostInfo,0,long
Misc.HeapMgrGuardPages,1,long
Misc.HeapPanicDestroyNonEmpty,0,long
Misc.HeartbeatInterval,1000,long
Misc.HeartbeatPanicIpiCount,2,long
Misc.HeartbeatPanicTimeout,10,long
Misc.HeartbeatTimeout,5,long
Misc.HordeEnabled,0,long
Misc.HostName,vx-r-esxi-csz03.vsphere.aiib.org,str
Misc.HppDegradedPathThresholdPer,20,long
Misc.HppManageDegradedPaths,1,long
Misc.HwclockPeriodicSync,1,long
Misc.HyperClockAllowSystemTimeAux,0,long
Misc.IoFilterWatchdogTimeout,120,long
Misc.LogDumpShutdownTimeout,180,long
Misc.LogPort,none,str
Misc.LogTimestampUptime,0,long
Misc.LogToSerial,1,long
Misc.LogWldPrefix,1,long
Misc.MCEMonitorInterval,1000,long
Misc.MaximumHardwareVersion,,str
Misc.MinimalPanic,0,long
Misc.NMILint1IntAction,0,long
Misc.NmpDegradedPathThresholdPer,20,long
Misc.NmpManageDegradedPaths,1,long
Misc.PSPDeactivateFlakyPath,0,long
Misc.PanicLogToSerial,0,long
Misc.PowerButton,1,long
Misc.PowerOffEnable,1,long
Misc.PreferredHostName,,str
Misc.RebootMethod,any,str
Misc.SIOControlFlag1,0,long
Misc.SIOControlFlag2,0,long
Misc.SIOControlLoglevel,0,long
Misc.SIOControlOptions,,str
Misc.ScreenSaverDelay,0,long
Misc.SevAllowDebugging,0,long
Misc.ShaperStatsEnabled,1,long
Misc.ShellPort,none,str
Misc.TestNativeFCPaeCapable,0,long
Misc.TimerTolerance,2000,long
Misc.VmfsUnmapThrottle,0,long
Misc.forceBPB,0,long
Misc.forceMPTI,1,long
Misc.vmknvmeCwYield,1,long
Misc.vmmDisableL1DFlush,0,long
Misc.vsanWitnessVirtualAppliance,0,long
Misc.DsNsMgrTimeout,1200000,long
Misc.HostAgentUpdateLevel,3,str
Misc.MetadataUpdateTimeoutMsec,30000,long
NFS.ApdStartCount,3,long
NFS.DiskFileLockUpdateFreq,10,long
NFS.HeartbeatDelta,5,long
NFS.HeartbeatFrequency,12,long
NFS.HeartbeatMaxFailures,10,long
NFS.HeartbeatTimeout,5,long
NFS.LockBreakTimeout,10,long
NFS.LockRenewMaxFailureNumber,3,long
NFS.LockSWMRTimeout,10,long
NFS.LockSharedTimeout,0,long
NFS.LockUpdateTimeout,5,long
NFS.LogNfsStat3,0,long
NFS.MaxQueueDepth,4294967295,long
NFS.MaxVolumes,32,long
NFS.MountTimeout,30,long
NFS.NFSMaxOutstandingIOs,65536,long
NFS.ReceiveBufferSize,1024,long
NFS.SendBufferSize,1024,long
NFS.SyncRetries,25,long
NFS.VolumeRemountFrequency,30,long
NFS41.EOSDelay,30,long
NFS41.IOTaskRetry,25,long
NFS41.MaxQueueDepth,4294967295,long
NFS41.MaxRead,4294967295,long
NFS41.MaxVolumes,32,long
NFS41.MaxWrite,4294967295,long
NFS41.MountTimeout,30,long
NFS41.RecvBufSize,1024,long
NFS41.SendBufSize,1024,long
Net.AdvertisementDuration,60,long
Net.AllowPT,1,long
Net.BMCNetworkEnable,1,long
Net.BlockGuestBPDU,1,long
Net.CoalesceDefaultOn,1,long
Net.CoalesceFavorNoVmmVmkTx,1,long
Net.CoalesceFineTimeoutCPU,2,long
Net.CoalesceFineTxTimeout,1000,long
Net.CoalesceFlexMrq,1,long
Net.CoalesceLowRxRate,4,long
Net.CoalesceLowTxRate,4,long
Net.CoalesceMatchedQs,1,long
Net.CoalesceMrqLt,1,long
Net.CoalesceMrqMetricAllowTxOnly,1,long
Net.CoalesceMrqMetricRxOnly,0,long
Net.CoalesceMrqOverallStop,0,long
Net.CoalesceMrqRatioMetric,1,long
Net.CoalesceMrqTriggerReCalib,1,long
Net.CoalesceMultiRxQCalib,1,long
Net.CoalesceNoVmmVmkTx,1,long
Net.CoalesceParams,,str
Net.CoalesceRBCRate,4000,long
Net.CoalesceRxLtStopCalib,0,long
Net.CoalesceRxQDepthCap,40,long
Net.CoalesceScheme,rbc,str
Net.CoalesceTimeoutType,2,long
Net.CoalesceTxAlwaysPoll,1,long
Net.CoalesceTxQDepthCap,40,long
Net.CoalesceTxTimeout,4000,long
Net.DCBEnable,1,long
Net.DVFilterBindIpAddress,,str
Net.DVFilterPriorityRdLockEnable,1,long
Net.DVSLargeHeapMBPerGB,2,long
Net.DVSLargeHeapMaxSize,300,long
Net.DontOffloadInnerIPv6,0,long
Net.E1000IntrCoalesce,1,long
Net.E1000TxCopySize,2048,long
Net.E1000TxZeroCopy,1,long
Net.EnableDMASgCons,1,long
Net.EnableOuterCsum,1,long
Net.EnsEnableDatapathHotswap,0,long
Net.EnsMbufpoolMaxMBPerGB,200,long
Net.EnsMbufpoolMinMBPerGB,10,long
Net.EtherswitchAllowFastPath,0,long
Net.EtherswitchHashSize,1,long
Net.EtherswitchHeapMax,512,long
Net.EtherswitchNumPerPCPUDispatchData,3,long
Net.FollowHardwareMac,0,long
Net.GuestIPHack,0,long
Net.GuestTxCopyBreak,64,long
Net.IGMPQueries,2,long
Net.IGMPQueryInterval,125,long
Net.IGMPRouterIP,0.0.0.0,str
Net.IGMPV3MaxSrcIPNum,10,long
Net.IGMPVersion,3,long
Net.LACPActorSystemPriority,1,long
Net.LACPEnableIndividualPort,0,long
Net.LRODefBackoffPeriod,8,long
Net.LRODefMaxLength,65535,long
Net.LRODefThreshold,4000,long
Net.LRODefUseRatioDenom,3,long
Net.LRODefUseRatioNumer,1,long
Net.LinkFlappingThreshold,60,long
Net.LinkStatePollTimeout,500,long
Net.MLDRouterIP,FE80::FFFF:FFFF:FFFF:FFFF,str
Net.MLDV2MaxSrcIPNum,10,long
Net.MLDVersion,2,long
Net.MaxBeaconVlans,100,long
Net.MaxBeaconsAtOnce,100,long
Net.MaxGlobalRxQueueCount,100000,long
Net.MaxNetifTxQueueLen,2000,long
Net.MaxPageInQueueLen,75,long
Net.MaxPktRxListQueue,3500,long
Net.MaxPortRxQueueLen,80,long
Net.MinEtherLen,60,long
Net.NcpLlcSap,0,long
Net.NetBHRxStormThreshold,320,long
Net.NetDebugRARPTimerInter,30000,long
Net.NetDeferTxCompletion,1,long
Net.NetDeferTxCompletionNonPerQ,1,long
Net.NetDiscUpdateIntrvl,300,long
Net.NetEnableSwCsumForLro,1,long
Net.NetEsxfwPassOutboundGRE,1,long
Net.NetInStressTest,0,long
Net.NetLatencyAwareness,1,long
Net.NetMaxRarpsPerInterval,128,long
Net.NetNetqNumaIOCpuPinThreshold,0,long
Net.NetNetqRxRebalRSSLoadThresholdPerc,10,long
Net.NetNetqTxPackKpps,300,long
Net.NetNetqTxUnpackKpps,600,long
Net.NetNiocAllowOverCommit,1,long
Net.NetPTMgrWakeupInterval,6,long
Net.NetPktAllocTries,5,long
Net.NetPktSlabFreePercentThreshold,2,long
Net.NetPortFlushIterLimit,2,long
Net.NetPortFlushPktLimit,64,long
Net.NetPortTrackTxRace,0,long
Net.NetRCFAllowBPF,1,long
Net.NetRCFInsnType,0,long
Net.NetRmDistMacFilter,1,long
Net.NetRmDistSamplingRate,0,long
Net.NetRxCopyInTx,0,long
Net.NetSchedCoalesceTxUsecs,33,long
Net.NetSchedDefaultResPoolSharesPct,5,long
Net.NetSchedDefaultSchedName,fifo,str
Net.NetSchedECNEnabled,1,long
Net.NetSchedECNThreshold,70,long
Net.NetSchedHClkLeafQueueDepthPkt,640,long
Net.NetSchedHClkMQ,2,long
Net.NetSchedHClkMaxHwQueue,2,long
Net.NetSchedHClkVnicMQ,1,long
Net.NetSchedHeapMaxSizeMB,66,long
Net.NetSchedInFlightMaxBytesDefault,200000,long
Net.NetSchedInFlightMaxBytesInsane,1500000,long
Net.NetSchedMaxPktSend,256,long
Net.NetSchedQoSSchedName,hclk,str
Net.NetSchedSpareBasedShares,1,long
Net.NetSendRARPOnPortEnablement,1,long
Net.NetShaperQueuePerL3L4Flow,1,long
Net.NetShaperQueueSizeMax,500,long
Net.NetShaperQueueSizeMin,10,long
Net.NetSplitRxMode,1,long
Net.NetTraceEnable,0,long
Net.NetTuneHostMode,default,str
Net.NetTuneInterval,60,long
Net.NetTuneThreshold,1n 2n 50,str
Net.NetTxDontClusterSize,0,long
Net.NetTxStaticRelation,1,long
Net.NetVMTxType,2,long
Net.NetpollSwLRO,1,long
Net.NoLocalCSum,0,long
Net.NotifySwitch,1,long
Net.PTSwitchingTimeout,20000,long
Net.PVRDMAVmknic,,str
Net.PktAgingListQuantumSize,20,long
Net.PktagingDropPolicy,0,long
Net.PortDisableTimeout,5000,long
Net.PortsetLockModel,1,long
Net.ProvisioningVmknics,,str
Net.ReversePathFwdCheck,1,long
Net.ReversePathFwdCheckPromisc,0,long
Net.SendIGMPReportToUplink,0,long
Net.TcpipAutoScaleRcvBufSize,16777216,long
Net.TcpipAutoScaleSndBufSize,16777216,long
Net.TcpipCopySmallTx,1,long
Net.TcpipDefLROEnabled,1,long
Net.TcpipDefLROMaxLength,32768,long
Net.TcpipDgramRateLimiting,1,long
Net.TcpipEnableABC,1,long
Net.TcpipEnableFlowtable,1,long
Net.TcpipEnableSendScaling,1,long
Net.TcpipEnsMultipleRxContexts,0,long
Net.TcpipEnsNetQRSS,1,long
Net.TcpipHWLRONoDelayAck,1,long
Net.TcpipHeapMax,1024,long
Net.TcpipHeapSize,8,long
Net.TcpipIGMPDefaultVersion,3,long
Net.TcpipIGMPRejoinInterval,60,long
Net.TcpipLODispatchQueueMaxLen,128,long
Net.TcpipLRONoDelayAck,1,long
Net.TcpipLogPackets,0,long
Net.TcpipLogPacketsCount,24570,long
Net.TcpipMaxNetstackInstances,48,long
Net.TcpipNoBcopyRx,1,long
Net.TcpipPendPktSocketFreeTimeout,300,long
Net.TcpipRxDispatchQueueMaxLen,2000,long
Net.TcpipRxDispatchQueues,2,long
Net.TcpipRxDispatchQuota,200,long
Net.TcpipTxDispatchQuota,100,long
Net.TcpipTxqBackoffTimeoutMs,70,long
Net.TcpipTxqMaxUsageThreshold,80,long
Net.TeamPolicyUpDelay,100,long
Net.TeamingIgnoreShotgun,0,long
Net.TeamingNUMAAware,1,long
Net.TrafficFilterIpAddress,,str
Net.TsoDumpPkt,0,long
Net.UplinkAbortDisconnectTimeout,5000,long
Net.UplinkKillAsyncTimeout,10000,long
Net.UplinkTSOSplit,1,long
Net.UplinkTxQueuesDispEnabled,1,long
Net.UseHwCsumForIPv6Csum,1,long
Net.UseHwIPv6Csum,1,long
Net.UseHwTSO,1,long
Net.UseHwTSO6,1,long
Net.UseLegacyProc,0,long
Net.UseProc,0,long
Net.VLANMTUCheckMode,1,long
Net.VmklnxLROEnabled,0,long
Net.VmklnxLROMaxAggr,6,long
Net.VmknicDoLroSplit,0,long
Net.VmknicLroSplitBnd,12,long
Net.Vmxnet2HwLRO,1,long
Net.Vmxnet2PinRxBuf,0,long
Net.Vmxnet2SwLRO,1,long
Net.Vmxnet3AllowTruncation,0,long
Net.Vmxnet3CopyTrailer,1,long
Net.Vmxnet3ESPRSSAllowed,1,long
Net.Vmxnet3EnsRxMultipleContexts,0,long
Net.Vmxnet3HwLRO,1,long
Net.Vmxnet3MaxPendingRxBurst,128,long
Net.Vmxnet3MaxRxBurstQueueLength,16384,long
Net.Vmxnet3NonTsoPacketGtMtuAllowed,0,long
Net.Vmxnet3PageInBound,32,long
Net.Vmxnet3RSSHashCache,1,long
Net.Vmxnet3RxBurstQueueEnableThreshold,64,long
Net.Vmxnet3RxBurstQueueLimit,512,long
Net.Vmxnet3RxPollBound,256,long
Net.Vmxnet3RxQueueBound,256,long
Net.Vmxnet3SetRSSHash,1,long
Net.Vmxnet3SwLRO,1,long
Net.Vmxnet3UDPRSSAllowed,1,long
Net.Vmxnet3WinIntrHints,1,long
Net.Vmxnet3usePNICHash,0,long
Net.VmxnetBiDirNeedsTsoTx,1,long
Net.VmxnetBiDirNoTsoSplit,1,long
Net.VmxnetCopyTxRunLimit,16,long
Net.VmxnetDoLroSplit,1,long
Net.VmxnetDoTsoSplit,1,long
Net.VmxnetLROBackoffPeriod,8,long
Net.VmxnetLROMaxLength,32000,long
Net.VmxnetLROThreshold,4000,long
Net.VmxnetLROUseRatioDenom,3,long
Net.VmxnetLROUseRatioNumer,2,long
Net.VmxnetLroSplitBnd,64,long
Net.VmxnetPromDisableLro,1,long
Net.VmxnetSwLROSL,1,long
Net.VmxnetTsoSplitBnd,12,long
Net.VmxnetTsoSplitSize,17500,long
Net.VmxnetTxCopySize,256,long
Net.VmxnetWinCopyTxRunLimit,65535,long
Net.VmxnetWinUDPTxFullCopy,1,long
Net.vNicNumDeferredReset,12,long
Net.vNicTxPollBound,192,long
Net.vmxnetThroughputWeight,0,long
Net.IOControlPnicOptOut,,str
Nmp.NmpPReservationCmdRetryTime,1,long
Nmp.NmpSatpAluaCmdRetryTime,20,long
Nmp.NmpSatpAluaTransRetryTime,10,long
Numa.CoreCapRatioPct,90,long
Numa.CostopSkewAdjust,1,long
Numa.FollowCoresPerSocket,0,long
Numa.LTermFairnessInterval,5,long
Numa.LTermMigImbalThreshold,10,long
Numa.LargeInterleave,1,long
Numa.LatencyProbePeriod,500,long
Numa.LocalityWeightActionAffinity,130,long
Numa.LocalityWeightMem,1,long
Numa.MigImbalanceThreshold,10,long
Numa.MigPreventLTermThresh,0,long
Numa.MigThrashThreshold,50,long
Numa.MigThreshold,2,long
Numa.MonMigEnable,1,long
Numa.PageMigEnable,1,long
Numa.PageMigLinearRun,95,long
Numa.PageMigRandomRun,5,long
Numa.PageMigRateMax,8000,long
Numa.PreferHT,0,long
Numa.RebalanceCoresNode,2,long
Numa.RebalanceCoresTotal,4,long
Numa.RebalanceEnable,1,long
Numa.RebalancePeriod,2000,long
Numa.SwapConsiderPeriod,15,long
Numa.SwapInterval,3,long
Numa.SwapLoadEnable,1,long
Numa.SwapLocalityEnable,1,long
Numa.SwapMigrateOnly,2,long
OSData.configuredLocation,/vmfs/volumes/62599a9b-64abc9d8-40ac-e4434bf8ff70,str
Power.CStateMaxLatency,1000,long
Power.CStatePredictionCoef,110479,long
Power.CStateResidencyCoef,5,long
Power.CpuPolicy,Balanced,str
Power.MaxCpuLoad,60,long
Power.MaxFreqPct,100,long
Power.MinFreqPct,0,long
Power.PerfBias,17,long
Power.PerfBiasEnable,1,long
Power.TimerHz,100,long
Power.UseCStates,1,long
Power.UsePStates,1,long
RdmFilter.HbaIsShared,True,bool
ScratchConfig.ConfiguredScratchLocation,/vmfs/volumes/62599a9b-64abc9d8-40ac-e4434bf8ff70,str
ScratchConfig.CurrentScratchLocation,/vmfs/volumes/62599a9b-64abc9d8-40ac-e4434bf8ff70,str
Scsi.ChangeQErrSetting,1,long
Scsi.CompareLUNNumber,1,long
Scsi.EnableCmdSanityCheck,0,long
Scsi.ExtendAPDCondition,0,long
Scsi.FailVMIOonAPD,0,long
Scsi.LogCmdErrors,1,long
Scsi.LogCmdRCErrorsFreq,0,long
Scsi.LogMPCmdErrors,1,long
Scsi.LogScsiAborts,0,long
Scsi.LunCleanupInterval,7,long
Scsi.MaxReserveBacktrace,0,long
Scsi.MaxReserveTime,200,long
Scsi.MaxReserveTotalTime,250,long
Scsi.NvmeAdjustLocalNSQDepth,1,long
Scsi.NvmeLogVerbose,0,long
Scsi.NvmeMaxUnmapBlockDescriptorCount,0,long
Scsi.NvmeMaxUnmapLbaCount,0,long
Scsi.PassthroughLocking,1,long
Scsi.PcpusPerCompletionWorld,4,long
Scsi.ReserveBacktrace,0,long
Scsi.SCSIBlockUnsupportedOpcodesAndPages,1,long
Scsi.SCSIEnableDescToFixedConv,1,long
Scsi.SCSIEnableDeviceLatencyHistogram,1,long
Scsi.SCSIStrictSPCVersionChecksForPEs,0,long
Scsi.SCSITimeout_ReabortTime,5000,long
Scsi.SCSITimeout_ScanTime,1000,long
Scsi.SCSIioTraceBufSizeMB,1,long
Scsi.ScanOnDriverLoad,1,long
Scsi.ScanSync,0,long
Scsi.ScsiAllowDeviceSpinup,1,long
Scsi.ScsiPathSplitUseSimpleCloneBuffer,1,long
Scsi.ScsiRestartStalledQueueLatency,500,long
Scsi.ScsiTMHardTimeout,120000,long
Scsi.ScsiUseVPDXCopyInfo,1,long
Scsi.ScsiVVolPESNRO,256,long
Scsi.TimeoutTMThreadExpires,1800,long
Scsi.TimeoutTMThreadLatency,2000,long
Scsi.TimeoutTMThreadMax,16,long
Scsi.TimeoutTMThreadMin,1,long
Scsi.TimeoutTMThreadRetry,2000,long
Scsi.TransFailLogPct,20,long
Scsi.UseAdaptiveRetries,1,long
Security.AccountLockFailures,5,int
Security.AccountUnlockTime,900,int
Security.DefaultShellAccess,True,bool
Security.PasswordHistory,5,int
Security.PasswordMaxDays,99999,int
Security.PasswordQualityControl,"retry=3 min=disabled,disabled,disabled,7,7",str
Security.SshSessionLimit,50,int
SunRPC.MaxConnPerIP,32,long
SunRPC.SendLowat,25,long
SunRPC.SetNoDelayedAck,0,long
SunRPC.WorldAffinity,2,long
SvMotion.SvMotionAvgDisksPerVM,8,long
Syslog.global.auditRecord.remoteEnable,False,bool
Syslog.global.auditRecord.storageCapacity,4,int
Syslog.global.auditRecord.storageDirectory,[] /scratch/auditLog,str
Syslog.global.auditRecord.storageEnable,False,bool
Syslog.global.certificate.checkCRL,False,bool
Syslog.global.certificate.checkSSLCerts,True,bool
Syslog.global.certificate.strictX509Compliance,False,bool
Syslog.global.defaultRotate,8,int
Syslog.global.defaultSize,1024,int
Syslog.global.droppedMsgs.fileRotate,10,int
Syslog.global.droppedMsgs.fileSize,100,int
Syslog.global.logCheckSSLCerts,True,bool
Syslog.global.logDir,[] /scratch/log,str
Syslog.global.logDirUnique,False,bool
Syslog.global.logFilters,,str
Syslog.global.logFiltersEnable,False,bool
Syslog.global.logHost,udp://10.100.8.102:514,str
Syslog.global.logLevel,error,str
Syslog.global.msgQueueDropMark,90,int
Syslog.global.remoteHost.connectRetryDelay,180,int
Syslog.global.remoteHost.maxMsgLen,1024,int
Syslog.global.vsanBacking,False,bool
Syslog.loggers.LogEFI.rotate,8,int
Syslog.loggers.LogEFI.size,1024,int
Syslog.loggers.Xorg.rotate,8,int
Syslog.loggers.Xorg.size,1024,int
Syslog.loggers.apiForwarder.rotate,8,int
Syslog.loggers.apiForwarder.size,1024,int
Syslog.loggers.attestd.rotate,8,int
Syslog.loggers.attestd.size,1024,int
Syslog.loggers.auth.rotate,8,int
Syslog.loggers.auth.size,1024,int
Syslog.loggers.catalog.rotate,16,int
Syslog.loggers.catalog.size,10240,int
Syslog.loggers.clomd-whatif.rotate,8,int
Syslog.loggers.clomd-whatif.size,1024,int
Syslog.loggers.clomd.rotate,8,int
Syslog.loggers.clomd.size,1024,int
Syslog.loggers.clusterAgent.rotate,8,int
Syslog.loggers.clusterAgent.size,1024,int
Syslog.loggers.cmmdsTimeMachine.rotate,8,int
Syslog.loggers.cmmdsTimeMachine.size,1024,int
Syslog.loggers.cmmdsTimeMachineDump.rotate,20,int
Syslog.loggers.cmmdsTimeMachineDump.size,10240,int
Syslog.loggers.cmmdsd.rotate,10,int
Syslog.loggers.cmmdsd.size,5120,int
Syslog.loggers.crx-cli.rotate,8,int
Syslog.loggers.crx-cli.size,1024,int
Syslog.loggers.dhclient.rotate,8,int
Syslog.loggers.dhclient.size,1024,int
Syslog.loggers.dpd.rotate,16,int
Syslog.loggers.dpd.size,10240,int
Syslog.loggers.entropyd.rotate,8,int
Syslog.loggers.entropyd.size,1024,int
Syslog.loggers.envoy-access.rotate,10,int
Syslog.loggers.envoy-access.size,10240,int
Syslog.loggers.envoy.rotate,8,int
Syslog.loggers.envoy.size,1024,int
Syslog.loggers.epd.rotate,8,int
Syslog.loggers.epd.size,1024,int
Syslog.loggers.esxcli.rotate,8,int
Syslog.loggers.esxcli.size,1024,int
Syslog.loggers.esxgdpd.rotate,8,int
Syslog.loggers.esxgdpd.size,1024,int
Syslog.loggers.esxioCommd.rotate,10,int
Syslog.loggers.esxioCommd.size,10240,int
Syslog.loggers.esxtokend.rotate,12,int
Syslog.loggers.esxtokend.size,10240,int
Syslog.loggers.esxupdate.rotate,8,int
Syslog.loggers.esxupdate.size,1024,int
Syslog.loggers.etcd.rotate,8,int
Syslog.loggers.etcd.size,1024,int
Syslog.loggers.fdm.rotate,10,int
Syslog.loggers.fdm.size,5120,int
Syslog.loggers.gstored.rotate,8,int
Syslog.loggers.gstored.size,1024,int
Syslog.loggers.hbr-agent.rotate,8,int
Syslog.loggers.hbr-agent.size,1024,int
Syslog.loggers.hbrsrv.rotate,16,int
Syslog.loggers.hbrsrv.size,10240,int
Syslog.loggers.healthd.rotate,8,int
Syslog.loggers.healthd.size,1024,int
Syslog.loggers.healthdPlugins.rotate,8,int
Syslog.loggers.healthdPlugins.size,1024,int
Syslog.loggers.hostd-probe.rotate,8,int
Syslog.loggers.hostd-probe.size,1024,int
Syslog.loggers.hostd.rotate,10,int
Syslog.loggers.hostd.size,10240,int
Syslog.loggers.hostdCgiServer.rotate,8,int
Syslog.loggers.hostdCgiServer.size,1024,int
Syslog.loggers.hostprofiletrace.rotate,8,int
Syslog.loggers.hostprofiletrace.size,1024,int
Syslog.loggers.infravisor.rotate,10,int
Syslog.loggers.infravisor.size,10240,int
Syslog.loggers.iofiltervpd.rotate,8,int
Syslog.loggers.iofiltervpd.size,1024,int
Syslog.loggers.ioinsight.rotate,8,int
Syslog.loggers.ioinsight.size,1024,int
Syslog.loggers.keypersist.rotate,8,int
Syslog.loggers.keypersist.size,1024,int
Syslog.loggers.kmxa.rotate,8,int
Syslog.loggers.kmxa.size,1024,int
Syslog.loggers.kmxd.rotate,8,int
Syslog.loggers.kmxd.size,1024,int
Syslog.loggers.l3proxyserver.rotate,8,int
Syslog.loggers.l3proxyserver.size,1024,int
Syslog.loggers.lacp.rotate,8,int
Syslog.loggers.lacp.size,1024,int
Syslog.loggers.lifecycle.rotate,8,int
Syslog.loggers.lifecycle.size,1024,int
Syslog.loggers.loadESX.rotate,8,int
Syslog.loggers.loadESX.size,1024,int
Syslog.loggers.localcli.rotate,4,int
Syslog.loggers.localcli.size,1024,int
Syslog.loggers.loudmouth.rotate,8,int
Syslog.loggers.loudmouth.size,1024,int
Syslog.loggers.metald.rotate,8,int
Syslog.loggers.metald.size,1024,int
Syslog.loggers.nfcd.rotate,8,int
Syslog.loggers.nfcd.size,1024,int
Syslog.loggers.osfsd.rotate,8,int
Syslog.loggers.osfsd.size,1024,int
Syslog.loggers.platformsvc.rotate,8,int
Syslog.loggers.platformsvc.size,1024,int
Syslog.loggers.portlldpd.rotate,8,int
Syslog.loggers.portlldpd.size,1024,int
Syslog.loggers.rhttpproxy.rotate,8,int
Syslog.loggers.rhttpproxy.size,1024,int
Syslog.loggers.sandboxd.rotate,8,int
Syslog.loggers.sandboxd.size,1024,int
Syslog.loggers.sdrsInjector.rotate,8,int
Syslog.loggers.sdrsInjector.size,1024,int
Syslog.loggers.sensord.rotate,8,int
Syslog.loggers.sensord.size,1024,int
Syslog.loggers.settingsd.rotate,8,int
Syslog.loggers.settingsd.size,1024,int
Syslog.loggers.shell.rotate,8,int
Syslog.loggers.shell.size,1024,int
Syslog.loggers.sockrelay.rotate,16,int
Syslog.loggers.sockrelay.size,10240,int
Syslog.loggers.spherelet.rotate,10,int
Syslog.loggers.spherelet.size,10240,int
Syslog.loggers.storageRM.rotate,8,int
Syslog.loggers.storageRM.size,1024,int
Syslog.loggers.swapobjd.rotate,8,int
Syslog.loggers.swapobjd.size,1024,int
Syslog.loggers.syslog.rotate,8,int
Syslog.loggers.syslog.size,1024,int
Syslog.loggers.trx.rotate,10,int
Syslog.loggers.trx.size,10240,int
Syslog.loggers.usb.rotate,8,int
Syslog.loggers.usb.size,1024,int
Syslog.loggers.vdfs-proxy.rotate,16,int
Syslog.loggers.vdfs-proxy.size,10240,int
Syslog.loggers.vdfs-server.rotate,16,int
Syslog.loggers.vdfs-server.size,10240,int
Syslog.loggers.vds-vsipioctl.rotate,8,int
Syslog.loggers.vds-vsipioctl.size,1024,int
Syslog.loggers.vdtc.rotate,8,int
Syslog.loggers.vdtc.size,1024,int
Syslog.loggers.vitd.rotate,8,int
Syslog.loggers.vitd.size,10240,int
Syslog.loggers.vltd.rotate,10,int
Syslog.loggers.vltd.size,10240,int
Syslog.loggers.vmauthd.rotate,8,int
Syslog.loggers.vmauthd.size,1024,int
Syslog.loggers.vmkdevmgr.rotate,8,int
Syslog.loggers.vmkdevmgr.size,1024,int
Syslog.loggers.vmkernel.rotate,8,int
Syslog.loggers.vmkernel.size,10240,int
Syslog.loggers.vmkeventd.rotate,8,int
Syslog.loggers.vmkeventd.size,1024,int
Syslog.loggers.vmkmemstats.rotate,20,int
Syslog.loggers.vmkmemstats.size,5120,int
Syslog.loggers.vmksummary.rotate,8,int
Syslog.loggers.vmksummary.size,1024,int
Syslog.loggers.vmkwarning.rotate,8,int
Syslog.loggers.vmkwarning.size,1024,int
Syslog.loggers.vobd.rotate,8,int
Syslog.loggers.vobd.size,1024,int
Syslog.loggers.vprobe.rotate,8,int
Syslog.loggers.vprobe.size,1024,int
Syslog.loggers.vpxa.rotate,20,int
Syslog.loggers.vpxa.size,5120,int
Syslog.loggers.vsanEsxcli.rotate,3,int
Syslog.loggers.vsanEsxcli.size,5120,int
Syslog.loggers.vsananalyticsevents.rotate,10,int
Syslog.loggers.vsananalyticsevents.size,5120,int
Syslog.loggers.vsandevicemonitord.rotate,8,int
Syslog.loggers.vsandevicemonitord.size,1024,int
Syslog.loggers.vsanesxcmd.rotate,5,int
Syslog.loggers.vsanesxcmd.size,10240,int
Syslog.loggers.vsanfs.configdump.rotate,16,int
Syslog.loggers.vsanfs.configdump.size,10240,int
Syslog.loggers.vsanfs.mgmt.rotate,32,int
Syslog.loggers.vsanfs.mgmt.size,10240,int
Syslog.loggers.vsanfs.vdfsop.rotate,8,int
Syslog.loggers.vsanfs.vdfsop.size,10240,int
Syslog.loggers.vsanmgmt.rotate,8,int
Syslog.loggers.vsanmgmt.size,10240,int
Syslog.loggers.vsansystem.rotate,10,int
Syslog.loggers.vsansystem.size,10240,int
Syslog.loggers.vsantraceUrgent.rotate,8,int
Syslog.loggers.vsantraceUrgent.size,1024,int
Syslog.loggers.vsantraced.rotate,8,int
Syslog.loggers.vsantraced.size,1024,int
Syslog.loggers.vvold.rotate,16,int
Syslog.loggers.vvold.size,8192,int
Syslog.loggers.vxutils.rotate,8,int
Syslog.loggers.vxutils.size,1024,int
Syslog.loggers.watchdog.rotate,8,int
Syslog.loggers.watchdog.size,1024,int
USB.arbitratorAutoStartDisabled,0,long
USB.devsShared,0x04b3:0,str
USB.quirks,,str
UserVars.ActiveDirectoryPreferredDomainControllers,,str
UserVars.ActiveDirectoryVerifyCAMCertificate,1,long
UserVars.AuditApiCallEnabled,0,long
UserVars.CIMvmw_hhrcwrapperProviderPollingInterval,20,long
UserVars.DcuiTimeOut,600,long
UserVars.ESXiShellInteractiveTimeOut,0,long
UserVars.ESXiShellTimeOut,0,long
UserVars.ESXiVPsAllowedCiphers,ECDHE+AESGCM:ECDHE+AES,str
UserVars.ESXiVPsDisabledProtocols,"sslv3,tlsv1,tlsv1.1",str
UserVars.EsximageNetRateLimit,0,long
UserVars.EsximageNetRetries,10,long
UserVars.EsximageNetTimeout,60,long
UserVars.HardwareHealthIgnoredSensors,,str
UserVars.HardwareHealthSyncTime,360,long
UserVars.HostClientCEIPOptIn,2,long
UserVars.HostClientDefaultConsole,webmks,str
UserVars.HostClientEnableMOTDNotification,1,long
UserVars.HostClientEnableVisualEffects,1,long
UserVars.HostClientSessionTimeout,900,long
UserVars.HostClientShowOnlyRecentObjects,1,long
UserVars.HostClientWelcomeMessage,Welcome to {{hostname}},str
UserVars.HostdStatsstoreRamdiskSize,0,long
UserVars.NSX_IP,null,str
UserVars.NSX_NodeUUID,null,str
UserVars.NSX_Thumbprint,null,str
UserVars.NSX_Token,null,str
UserVars.ProductLockerLocation,/locker/packages/vmtoolsRepo/,str
UserVars.SuppressCoredumpWarning,0,long
UserVars.SuppressHyperthreadWarning,0,long
UserVars.SuppressSgxAddPackageWarning,0,long
UserVars.SuppressSgxDisabledWarning,0,long
UserVars.SuppressShellWarning,1,long
UserVars.ToolsRamdisk,0,long
VFLASH.CacheStatsEnable,1,long
VFLASH.CacheStatsFromVFC,1,long
VFLASH.MaxCacheFileSizeMB,409600,long
VFLASH.MaxDiskFileSizeGB,16384,long
VFLASH.MaxHeapSizeMB,32,long
VFLASH.MaxResourceGBForVmCache,2048,int
VFLASH.ResourceUsageThreshold,80,int
VMFS.UnresolvedVolumeLiveCheck,False,bool
VMFS3.EnableBlockDelete,0,long
VMFS3.FailVolumeOpenIfAPD,0,long
VMFS3.GBLAllowMW,1,long
VMFS3.HardwareAcceleratedLocking,1,long
VMFS3.LFBCSlabSizeMaxMB,8,long
VMFS3.MaxAddressableSpaceTB,32,long
VMFS3.MaxHeapSizeMB,768,long
VMFS3.MaxextendedTxnsUsingfs3Heap,20,long
VMFS3.MinAddressableSpaceTB,0,long
VMFS3.OpenWithoutJournal,1,long
VMFS3.PBCapMissRatioIntervalSec,60,long
VMFS3.StAtExclLockEnd,0,long
VMFS3.UseATSForHBOnVMFS5,1,long
VMkernel.Boot.allowCoreDumpOnUsb,False,bool
VMkernel.Boot.atsSupport,True,bool
VMkernel.Boot.autoCreateDumpFile,True,bool
VMkernel.Boot.autoPartition,False,bool
VMkernel.Boot.autoPartitionCreateUSBCoreDumpPartition,False,bool
VMkernel.Boot.autoPartitionDiskDumpPartitionSize,2560,long
VMkernel.Boot.bootDeviceRescanTimeout,1,int
VMkernel.Boot.busSpeedMayVary,False,bool
VMkernel.Boot.cacheFlushImmOnAllHalt,False,bool
VMkernel.Boot.checkCPUIDLimit,True,bool
VMkernel.Boot.checkPages,False,bool
VMkernel.Boot.com1_baud,0,long
VMkernel.Boot.com2_baud,0,long
VMkernel.Boot.debugBreak,False,bool
VMkernel.Boot.debugLogToSerial,2,long
VMkernel.Boot.deviceBindParallel,True,bool
VMkernel.Boot.disableACSCheck,False,bool
VMkernel.Boot.disableCFOH,False,bool
VMkernel.Boot.disableHwrng,False,bool
VMkernel.Boot.diskDumpSlotSize,0,long
VMkernel.Boot.dmaEngineExposeIdentityMapping,True,bool
VMkernel.Boot.dmaMapperPolicy,disabled,str
VMkernel.Boot.dumpSize,0,long
VMkernel.Boot.enableACSCheckForRP,False,bool
VMkernel.Boot.ensMbufPoolMaxMBPerGB,200,long
VMkernel.Boot.ensMbufPoolMaxMinMB,5000,long
VMkernel.Boot.ensMbufPoolMinMBPerGB,10,long
VMkernel.Boot.entropySources,0,long
VMkernel.Boot.execInstalledOnly,False,bool
VMkernel.Boot.fakePMemPct,0,int
VMkernel.Boot.forceHyperthreadingMitigation,False,bool
VMkernel.Boot.fsCheck,False,bool
VMkernel.Boot.gdbPort,default,str
VMkernel.Boot.heapCheckTimerInterval,10,long
VMkernel.Boot.heapFreePoisonByte,255,int
VMkernel.Boot.heapMetaPoisonByte,90,int
VMkernel.Boot.heapMetadataProtect,False,bool
VMkernel.Boot.heapPoisonFreeMem,False,bool
VMkernel.Boot.heapPoisonTimerChecks,False,bool
VMkernel.Boot.hyperthreading,True,bool
VMkernel.Boot.hyperthreadingMitigation,False,bool
VMkernel.Boot.hyperthreadingMitigationIntraVM,True,bool
VMkernel.Boot.ignoreMsrFaults,False,bool
VMkernel.Boot.inputPassthru,False,bool
VMkernel.Boot.intrBalancingEnabled,True,bool
VMkernel.Boot.ioAbilityChecks,False,bool
VMkernel.Boot.iovDisableIR,False,bool
VMkernel.Boot.iovEnablePostedIntr,True,bool
VMkernel.Boot.ipmiEnabled,True,bool
VMkernel.Boot.isPerFileSchedModelActive,True,bool
VMkernel.Boot.kbddev,False,bool
VMkernel.Boot.leaveWakeGPEsDisabled,True,bool
VMkernel.Boot.logEFILevel,1,int
VMkernel.Boot.logPort,default,str
VMkernel.Boot.maxLogEntries,0,long
VMkernel.Boot.maxPCPUS,1024,long
VMkernel.Boot.maxPCPUsNUMAInterleaving,True,bool
VMkernel.Boot.maxVMs,0,long
VMkernel.Boot.memCheckEveryWord,False,bool
VMkernel.Boot.memLowReservedMB,0,long
VMkernel.Boot.memmapMaxEarlyPoisonMemMB,65536,long
VMkernel.Boot.memmapMaxPhysicalMemMB,0,long
VMkernel.Boot.memmapMaxRAMMB,33585088,long
VMkernel.Boot.memoryTiering,False,bool
VMkernel.Boot.microcodeUpdate,True,bool
VMkernel.Boot.microcodeUpdateForce,False,bool
VMkernel.Boot.netCoalesceTimerHdlrPcpu,0,long
VMkernel.Boot.netGPHeapMaxMBPerGB,4,long
VMkernel.Boot.netMaxPktsToProcess,64,long
VMkernel.Boot.netMaxPktsToRelease,128,long
VMkernel.Boot.netNetqueueEnabled,True,bool
VMkernel.Boot.netNetqueueEnblSwlroWithPnicHwlro,True,bool
VMkernel.Boot.netNetqueueMaxFiltersPerUplink,4096,long
VMkernel.Boot.netNetqueueMaxLearnedFilters,9216,long
VMkernel.Boot.netNetqueueMaxStaticFilters,10240,long
VMkernel.Boot.netNetqueuePortFeatInheritance,True,bool
VMkernel.Boot.netPagePoolLimitCap,1048576,long
VMkernel.Boot.netPagePoolLimitPerGB,5120,long
VMkernel.Boot.netPagePoolResvCap,0,long
VMkernel.Boot.netPagePoolResvPerGB,0,long
VMkernel.Boot.netPktHeapMaxMBPerGB,6,long
VMkernel.Boot.netPktHeapMinMBPerGB,0,long
VMkernel.Boot.netPktJumboSlabMinSize,0,long
VMkernel.Boot.netPktPoolMaxMBPerGB,75,long
VMkernel.Boot.netPktPoolMinMBPerGB,0,long
VMkernel.Boot.netPreemptionEnabled,True,bool
VMkernel.Boot.nmiAction,0,long
VMkernel.Boot.numSpareCoresPerLLC,0,long
VMkernel.Boot.numaLatencyRemoteThresholdPct,10,long
VMkernel.Boot.overrideDuplicateImageDetection,False,bool
VMkernel.Boot.pciBarAllocPolicy,2,long
VMkernel.Boot.pcipDisablePciErrReporting,True,bool
VMkernel.Boot.poisonMarker,-6148914691236517206,long
VMkernel.Boot.poisonPagePool,False,bool
VMkernel.Boot.preventFreePageMapping,False,bool
VMkernel.Boot.rdmaRoceIPBasedGidGeneration,True,bool
VMkernel.Boot.rdmaUseTeamingPolicy,True,bool
VMkernel.Boot.rtcEnableEFI,True,bool
VMkernel.Boot.rtcEnableLegacy,True,bool
VMkernel.Boot.rtcEnableLegacyForce,False,bool
VMkernel.Boot.rtcEnableTAD,True,bool
VMkernel.Boot.scrubIgnoredPages,False,bool
VMkernel.Boot.scrubMemoryAfterModuleLoad,False,bool
VMkernel.Boot.serialUntrusted,True,bool
VMkernel.Boot.skipPartitioningSsds,False,bool
VMkernel.Boot.storAdptrMultCplWrldsPerNuma,True,bool
VMkernel.Boot.storageEnablePrpAtPsa,True,bool
VMkernel.Boot.storageHeapMaxSize,0,long
VMkernel.Boot.storageHeapMinSize,0,long
VMkernel.Boot.storageMaxDevices,1024,long
VMkernel.Boot.storageMaxPaths,4096,long
VMkernel.Boot.storageMaxVMsPerDevice,32,long
VMkernel.Boot.terminateVMOnPDL,False,bool
VMkernel.Boot.tscSpeedMayVary,False,bool
VMkernel.Boot.tty1Port,default,str
VMkernel.Boot.tty2Port,default,str
VMkernel.Boot.updateBusIRQ,False,bool
VMkernel.Boot.useNUMAInfo,True,bool
VMkernel.Boot.useReliableMem,True,bool
VMkernel.Boot.useSLIT,True,bool
VMkernel.Boot.vga,True,bool
VMkernel.Boot.visorfsSwap,False,bool
VMkernel.Boot.vmkATKeyboard,False,bool
VMkernel.Boot.vmkacEnable,1,int
VMkernel.Boot.vmmrEnable,True,bool
VMkernel.Boot.vtdSuperPages,True,bool
VMkernel.Boot.x2ApicPreferred,True,bool
VSAN-iSCSI.iscsiPingTimeout,5,long
VSAN.AutoRestoreDecomState,1,long
VSAN.AutoTerminateGhostVm,1,long
VSAN.ClomForceProvisionPlacements,0,long
VSAN.ClomMaxComponentSizeGB,255,long
VSAN.ClomMaxDiskUsageRepairComps,95,long
VSAN.ClomRebalanceThreshold,80,long
VSAN.DedupScope,0,long
VSAN.DefaultHostDecommissionMode,ensureAccessibility,str
VSAN.DomBriefIoTraces,0,long
VSAN.DomFullIoTraces,0,long
VSAN.DomLongOpTraceMS,1000,long
VSAN.DomLongOpUrgentTraceMS,10000,long
VSAN.MaxComponentsPerWitness,0,long
VSAN.MaxWitnessClusters,0,long
VSAN.ObjectScrubsPerYear,0,long
VSAN.ObjectScrubsPerYearBase,36,long
VSAN.PerTraceBandwidthLimit,0,long
VSAN.PerTraceBandwidthLimitPeriodMs,10000,long
VSAN.PerTraceMaxRolloverPeriods,360,long
VSAN.RDTChecksumMode,1,long
VSAN.TraceEnableCmmds,1,long
VSAN.TraceEnableDom,1,long
VSAN.TraceEnableDomIo,0,long
VSAN.TraceEnableLsom,1,long
VSAN.TraceEnableLsomIo,0,long
VSAN.TraceEnablePlog,1,long
VSAN.TraceEnableRdt,1,long
VSAN.TraceEnableSsdLog,1,long
VSAN.TraceEnableVirsto,1,long
VSAN.TraceEnableVirstoIo,0,long
VSAN.TraceEnableVsanSparse,1,long
VSAN.TraceEnableVsanSparseIO,0,long
VSAN.TraceEnableVsanSparseVerbose,0,long
VSAN.TraceGlobalBandwidthLimit,0,long
VSAN.TraceGlobalBandwidthLimitPeriodMs,10000,long
VSAN.TraceGlobalMaxRolloverPeriods,360,long
VSAN.TracesPerErrorBandwidthLimit,1000,long
VSAN.TracesPerErrorBandwidthLimitPeriodMs,10000,long
VSAN.TracesPerErrorMaxRolloverPeriods,60,long
VSAN.TrimDisksBeforeUseGranularity,1,long
VSAN.VsanSparseCacheOverEvict,5,long
VSAN.VsanSparseCacheThreshold,1024,long
VSAN.VsanSparseEnabled,1,long
VSAN.VsanSparseHeapSize,65536,long
VSAN.VsanSparseMaxExtentsPrefetch,64,long
VSAN.VsanSparseParallelLookup,1,long
VSAN.VsanSparseRetainCacheOnSnapshots,1,long
VSAN.VsanSparseRetainCacheTTL,20,long
VSAN.VsanSparseSpeculativePrefetch,4194304,long
VSAN.WriteZeroOnTrimUnsupported,0,long
VVOL.allowLegacyCiphers,0,long
VVOL.vvolConcurrentBatchUnbind,2,long
VVOL.vvolMaxRBZRetries,100,long
VVOL.vvolSpaceStatsCacheSize,512,long
VVOL.vvolSwapFilePersist,1,long
VVOL.vvolUnbindBatchSize,16,long
Virsto.DiskFormatVersion,20,long
Virsto.Enabled,1,long
Virsto.FlusherRegistryThreshold,95,long
Virsto.GweFetchExtentsFactor,3,long
Virsto.InstanceHeapLimit,130,long
Virsto.MapBlocksFlushThreshold,90,long
Virsto.MapBlocksMin,16384,long
Virsto.MaxMFRetryCount,3,long
Virsto.MsecBeforeMetaFlush,10000,long
Virsto.RecordsPerFormatWrite,16,long
Virsto.SharedHeapLimit,4,long
XvMotion.VMFSOptimizations,1,long
Vpx.Vpxa.config.working_dir,/var/log/vmware,str
Vpx.Vpxa.config.vmotion.vm_id_acquire_timeout,60,str
Vpx.Vpxa.config.vmacore.thread_pool.thread_stack_size_kb,128,str
Vpx.Vpxa.config.vmacore.thread_pool.thread_name_prefix,vpxa,str
Vpx.Vpxa.config.vmacore.thread_pool.task_max,4,str
Vpx.Vpxa.config.vmacore.thread_pool.io_max,9,str
Vpx.Vpxa.config.vmacore.ssl.do_version_check,false,str
Vpx.Vpxa.config.vmacore.soap.session_timeout,1440,str
Vpx.Vpxa.config.vmacore.http.default_client_pool_connections_per_server,300,str
Vpx.Vpxa.config.valid_user,vpxuser,str
Vpx.Vpxa.config.trace.vmomi.calls,false,str
Vpx.Vpxa.config.trace.vm_changes,false,str
Vpx.Vpxa.config.trace.resource_pool,false,str
Vpx.Vpxa.config.trace.quickstats,false,str
Vpx.Vpxa.config.task.unregister_lifetime,600,str
Vpx.Vpxa.config.task.timeout,1800,str
Vpx.Vpxa.config.task.min_completed_lifetime,120,str
Vpx.Vpxa.config.task.max_threads,32,str
Vpx.Vpxa.config.task.limit.short_running,5000,str
Vpx.Vpxa.config.task.limit.long_running,5000,str
Vpx.Vpxa.config.task.limit.internal,5000,str
Vpx.Vpxa.config.task.fallback_polling_interval,300,str
Vpx.Vpxa.config.task.distributed_backtrace,false,str
Vpx.Vpxa.config.task.completed_max_entries,1000,str
Vpx.Vpxa.config.task.completed_lifetime,600,str
Vpx.Vpxa.config.task.async_timeout,172800,str
Vpx.Vpxa.config.server_port,902,str
Vpx.Vpxa.config.server_ip,10.100.8.100,str
Vpx.Vpxa.config.security.enabled,true,str
Vpx.Vpxa.config.quick_stats.white_box_test.transmitted_avg,-1,str
Vpx.Vpxa.config.quick_stats.white_box_test.received_avg,-1,str
Vpx.Vpxa.config.quick_stats.stop_quick_stats,-1,str
Vpx.Vpxa.config.quick_stats.fake_vm_quick_stats,0,str
Vpx.Vpxa.config.nfc.write_timeout,-1,str
Vpx.Vpxa.config.nfc.request_timeout,-1,str
Vpx.Vpxa.config.nfc.log_level,ERROR,str
Vpx.Vpxa.config.nfc.file_server_write_timeout,-1,str
Vpx.Vpxa.config.log.syslog.log_header_file,/var/run/vmware/vpxaLogHeader.txt,str
Vpx.Vpxa.config.log.syslog.ident,Vpxa,str
Vpx.Vpxa.config.log.syslog.facility,local4,str
Vpx.Vpxa.config.log.output_to_syslog,true,str
Vpx.Vpxa.config.log.output_to_files,false,str
Vpx.Vpxa.config.log.output_to_console,false,str
Vpx.Vpxa.config.log.max_file_size,1048576,str
Vpx.Vpxa.config.log.max_file_num,10,str
Vpx.Vpxa.config.log.level,info,str
Vpx.Vpxa.config.log.directory,/var/run/log,str
Vpx.Vpxa.config.level[SoapAdapter.HTTPService].log_name,SoapAdapter.HTTPService,str
Vpx.Vpxa.config.level[SoapAdapter.HTTPService].log_level,info,str
Vpx.Vpxa.config.level[SoapAdapter.HTTPService.HttpConnection].log_name,SoapAdapter.HTTPService.HttpConnection,str
Vpx.Vpxa.config.level[SoapAdapter.HTTPService.HttpConnection].log_level,info,str
Vpx.Vpxa.config.http_nfc.secure,true,str
Vpx.Vpxa.config.http_nfc.enabled,true,str
Vpx.Vpxa.config.http_nfc.enable_cors,true,str
Vpx.Vpxa.config.http_nfc.access_mode,PROXY_AUTO,str
Vpx.Vpxa.config.host_port,443,str
Vpx.Vpxa.config.host_key,52eb9c18-ed6d-3ed5-4264-75d11b7d6308,str
Vpx.Vpxa.config.host_ip,10.100.8.3,str
Vpx.Vpxa.config.dvs.portgroup_sync_batch_limit,500,str
Vpx.Vpxa.config.dvs.port_sync_batch_limit,100,str
Vpx.Vpxa.config.dvs.dvs_sync_rate,86400,str
Vpx.Vpxa.config.core.vm_images,/vmimages/,str
Vpx.Vpxa.config.core.vc_connection.use_ssl,true,str
Vpx.Vpxa.config.core.vc_connection.soap_adapter_port,8089,str
Vpx.Vpxa.config.core.vc_connection.soap_adapter_over_named_pipe,false,str
Vpx.Vpxa.config.core.time_diff_threshold,1,str
Vpx.Vpxa.config.core.mmap_threshold_in_KB,32,str
Vpx.Vpxa.config.core.max_search_datastore_count,5,str
Vpx.Vpxa.config.core.max_search_count,32,str
Vpx.Vpxa.config.core.license_expiry_notification_threshold,15,str
Vpx.Vpxa.config.core.hostd_monitor_period,20,str
Vpx.Vpxa.config.core.host_sync.ratelimit_sync_period,150,str
Vpx.Vpxa.config.core.host_sync.max_event_reporting_delay_seconds,60,str
Vpx.Vpxa.config.core.host_sync.host_health_system_throttle_interval,0,str
Vpx.Vpxa.config.core.host_sync.heartbeat.stress_missed_heartbeat,500,str
Vpx.Vpxa.config.core.host_sync.heartbeat.stress_enabled,false,str
Vpx.Vpxa.config.core.host_sync.heartbeat.stress_duration,180000000,str
Vpx.Vpxa.config.core.host_sync.heartbeat.stress_delayed_heartbeat,300,str
Vpx.Vpxa.config.core.host_sync.heartbeat.interval,10,str
Vpx.Vpxa.config.core.host_sync.guestdisk_use_percentage_diff_check,false,str
Vpx.Vpxa.config.core.host_sync.get_changes.timeout,0,str
Vpx.Vpxa.config.core.host_sync.get_changes.envbrowser_refresh_rate,300,str
Vpx.Vpxa.config.core.host_sync.get_changes.delay,0,str
Vpx.Vpxa.config.core.host_sync.get_changes.asyncvmxblob,true,str
Vpx.Vpxa.config.core.debug_options.simulate_invalid_snapshot_mo_once,false,str
Vpx.Vpxa.config.core.debug_options.simulate_invalid_snapshot_mo,true,str
Vpx.Vpxa.config.core.debug_options.ignore_snapshot_config_cache,false,str
Vpx.Vpxa.config.core.debug_options.disconnect_hostd,false,str
Vpx.Vpxa.config.alarm.power_on_silence,60,str
Vpx.Vpxa.config.alarm.check_frequency,20,str
